-- MySQL dump 10.13  Distrib 8.0.39, for Win64 (x86_64)
--
-- Host: localhost    Database: farmtomarket
-- ------------------------------------------------------
-- Server version	8.0.39

/*!40101 SET @OLD_CHARACTER_SET_CLIENT=@@CHARACTER_SET_CLIENT */;
/*!40101 SET @OLD_CHARACTER_SET_RESULTS=@@CHARACTER_SET_RESULTS */;
/*!40101 SET @OLD_COLLATION_CONNECTION=@@COLLATION_CONNECTION */;
/*!50503 SET NAMES utf8mb4 */;
/*!40103 SET @OLD_TIME_ZONE=@@TIME_ZONE */;
/*!40103 SET TIME_ZONE='+00:00' */;
/*!40014 SET @OLD_UNIQUE_CHECKS=@@UNIQUE_CHECKS, UNIQUE_CHECKS=0 */;
/*!40014 SET @OLD_FOREIGN_KEY_CHECKS=@@FOREIGN_KEY_CHECKS, FOREIGN_KEY_CHECKS=0 */;
/*!40101 SET @OLD_SQL_MODE=@@SQL_MODE, SQL_MODE='NO_AUTO_VALUE_ON_ZERO' */;
/*!40111 SET @OLD_SQL_NOTES=@@SQL_NOTES, SQL_NOTES=0 */;

--
-- Table structure for table `admin_moderation`
--

DROP TABLE IF EXISTS `admin_moderation`;
/*!40101 SET @saved_cs_client     = @@character_set_client */;
/*!50503 SET character_set_client = utf8mb4 */;
CREATE TABLE `admin_moderation` (
  `action_id` int NOT NULL AUTO_INCREMENT,
  `admin_id` int NOT NULL,
  `target_user_id` int NOT NULL,
  `action_type` enum('Approve Farmer','Reject Listing','Suspend User') NOT NULL,
  `reason` text,
  `created_at` timestamp NULL DEFAULT CURRENT_TIMESTAMP,
  PRIMARY KEY (`action_id`),
  KEY `admin_id` (`admin_id`),
  KEY `target_user_id` (`target_user_id`),
  CONSTRAINT `admin_moderation_ibfk_1` FOREIGN KEY (`admin_id`) REFERENCES `users` (`user_id`),
  CONSTRAINT `admin_moderation_ibfk_2` FOREIGN KEY (`target_user_id`) REFERENCES `users` (`user_id`)
) ENGINE=InnoDB DEFAULT CHARSET=utf8mb4 COLLATE=utf8mb4_0900_ai_ci;
/*!40101 SET character_set_client = @saved_cs_client */;

--
-- Dumping data for table `admin_moderation`
--

LOCK TABLES `admin_moderation` WRITE;
/*!40000 ALTER TABLE `admin_moderation` DISABLE KEYS */;
/*!40000 ALTER TABLE `admin_moderation` ENABLE KEYS */;
UNLOCK TABLES;

--
-- Table structure for table `admin_profiles`
--

DROP TABLE IF EXISTS `admin_profiles`;
/*!40101 SET @saved_cs_client     = @@character_set_client */;
/*!50503 SET character_set_client = utf8mb4 */;
CREATE TABLE `admin_profiles` (
  `admin_id` int NOT NULL,
  `privileges` text,
  PRIMARY KEY (`admin_id`),
  CONSTRAINT `admin_profiles_ibfk_1` FOREIGN KEY (`admin_id`) REFERENCES `users` (`user_id`)
) ENGINE=InnoDB DEFAULT CHARSET=utf8mb4 COLLATE=utf8mb4_0900_ai_ci;
/*!40101 SET character_set_client = @saved_cs_client */;

--
-- Dumping data for table `admin_profiles`
--

LOCK TABLES `admin_profiles` WRITE;
/*!40000 ALTER TABLE `admin_profiles` DISABLE KEYS */;
/*!40000 ALTER TABLE `admin_profiles` ENABLE KEYS */;
UNLOCK TABLES;

--
-- Table structure for table `alerts`
--

DROP TABLE IF EXISTS `alerts`;
/*!40101 SET @saved_cs_client     = @@character_set_client */;
/*!50503 SET character_set_client = utf8mb4 */;
CREATE TABLE `alerts` (
  `alert_id` int NOT NULL AUTO_INCREMENT,
  `farmer_id` int NOT NULL,
  `message` text NOT NULL,
  `severity` enum('Low','Moderate','High') DEFAULT 'Low',
  `created_at` timestamp NULL DEFAULT CURRENT_TIMESTAMP,
  PRIMARY KEY (`alert_id`),
  KEY `farmer_id` (`farmer_id`),
  CONSTRAINT `alerts_ibfk_1` FOREIGN KEY (`farmer_id`) REFERENCES `users` (`user_id`)
) ENGINE=InnoDB DEFAULT CHARSET=utf8mb4 COLLATE=utf8mb4_0900_ai_ci;
/*!40101 SET character_set_client = @saved_cs_client */;

--
-- Dumping data for table `alerts`
--

LOCK TABLES `alerts` WRITE;
/*!40000 ALTER TABLE `alerts` DISABLE KEYS */;
/*!40000 ALTER TABLE `alerts` ENABLE KEYS */;
UNLOCK TABLES;

--
-- Table structure for table `auth_group`
--

DROP TABLE IF EXISTS `auth_group`;
/*!40101 SET @saved_cs_client     = @@character_set_client */;
/*!50503 SET character_set_client = utf8mb4 */;
CREATE TABLE `auth_group` (
  `id` int NOT NULL AUTO_INCREMENT,
  `name` varchar(150) NOT NULL,
  PRIMARY KEY (`id`),
  UNIQUE KEY `name` (`name`)
) ENGINE=InnoDB DEFAULT CHARSET=utf8mb4 COLLATE=utf8mb4_0900_ai_ci;
/*!40101 SET character_set_client = @saved_cs_client */;

--
-- Dumping data for table `auth_group`
--

LOCK TABLES `auth_group` WRITE;
/*!40000 ALTER TABLE `auth_group` DISABLE KEYS */;
/*!40000 ALTER TABLE `auth_group` ENABLE KEYS */;
UNLOCK TABLES;

--
-- Table structure for table `auth_group_permissions`
--

DROP TABLE IF EXISTS `auth_group_permissions`;
/*!40101 SET @saved_cs_client     = @@character_set_client */;
/*!50503 SET character_set_client = utf8mb4 */;
CREATE TABLE `auth_group_permissions` (
  `id` bigint NOT NULL AUTO_INCREMENT,
  `group_id` int NOT NULL,
  `permission_id` int NOT NULL,
  PRIMARY KEY (`id`),
  UNIQUE KEY `auth_group_permissions_group_id_permission_id_0cd325b0_uniq` (`group_id`,`permission_id`),
  KEY `auth_group_permissio_permission_id_84c5c92e_fk_auth_perm` (`permission_id`),
  CONSTRAINT `auth_group_permissio_permission_id_84c5c92e_fk_auth_perm` FOREIGN KEY (`permission_id`) REFERENCES `auth_permission` (`id`),
  CONSTRAINT `auth_group_permissions_group_id_b120cbf9_fk_auth_group_id` FOREIGN KEY (`group_id`) REFERENCES `auth_group` (`id`)
) ENGINE=InnoDB DEFAULT CHARSET=utf8mb4 COLLATE=utf8mb4_0900_ai_ci;
/*!40101 SET character_set_client = @saved_cs_client */;

--
-- Dumping data for table `auth_group_permissions`
--

LOCK TABLES `auth_group_permissions` WRITE;
/*!40000 ALTER TABLE `auth_group_permissions` DISABLE KEYS */;
/*!40000 ALTER TABLE `auth_group_permissions` ENABLE KEYS */;
UNLOCK TABLES;

--
-- Table structure for table `auth_permission`
--

DROP TABLE IF EXISTS `auth_permission`;
/*!40101 SET @saved_cs_client     = @@character_set_client */;
/*!50503 SET character_set_client = utf8mb4 */;
CREATE TABLE `auth_permission` (
  `id` int NOT NULL AUTO_INCREMENT,
  `name` varchar(255) NOT NULL,
  `content_type_id` int NOT NULL,
  `codename` varchar(100) NOT NULL,
  PRIMARY KEY (`id`),
  UNIQUE KEY `auth_permission_content_type_id_codename_01ab375a_uniq` (`content_type_id`,`codename`),
  CONSTRAINT `auth_permission_content_type_id_2f476e4b_fk_django_co` FOREIGN KEY (`content_type_id`) REFERENCES `django_content_type` (`id`)
) ENGINE=InnoDB AUTO_INCREMENT=29 DEFAULT CHARSET=utf8mb4 COLLATE=utf8mb4_0900_ai_ci;
/*!40101 SET character_set_client = @saved_cs_client */;

--
-- Dumping data for table `auth_permission`
--

LOCK TABLES `auth_permission` WRITE;
/*!40000 ALTER TABLE `auth_permission` DISABLE KEYS */;
INSERT INTO `auth_permission` VALUES (1,'Can add log entry',1,'add_logentry'),(2,'Can change log entry',1,'change_logentry'),(3,'Can delete log entry',1,'delete_logentry'),(4,'Can view log entry',1,'view_logentry'),(5,'Can add permission',2,'add_permission'),(6,'Can change permission',2,'change_permission'),(7,'Can delete permission',2,'delete_permission'),(8,'Can view permission',2,'view_permission'),(9,'Can add group',3,'add_group'),(10,'Can change group',3,'change_group'),(11,'Can delete group',3,'delete_group'),(12,'Can view group',3,'view_group'),(13,'Can add content type',4,'add_contenttype'),(14,'Can change content type',4,'change_contenttype'),(15,'Can delete content type',4,'delete_contenttype'),(16,'Can view content type',4,'view_contenttype'),(17,'Can add session',5,'add_session'),(18,'Can change session',5,'change_session'),(19,'Can delete session',5,'delete_session'),(20,'Can view session',5,'view_session'),(21,'Can add custom user',6,'add_customuser'),(22,'Can change custom user',6,'change_customuser'),(23,'Can delete custom user',6,'delete_customuser'),(24,'Can view custom user',6,'view_customuser'),(25,'Can add user',7,'add_user'),(26,'Can change user',7,'change_user'),(27,'Can delete user',7,'delete_user'),(28,'Can view user',7,'view_user');
/*!40000 ALTER TABLE `auth_permission` ENABLE KEYS */;
UNLOCK TABLES;

--
-- Table structure for table `auth_user`
--

DROP TABLE IF EXISTS `auth_user`;
/*!40101 SET @saved_cs_client     = @@character_set_client */;
/*!50503 SET character_set_client = utf8mb4 */;
CREATE TABLE `auth_user` (
  `id` int NOT NULL AUTO_INCREMENT,
  `password` varchar(128) NOT NULL,
  `last_login` datetime(6) DEFAULT NULL,
  `is_superuser` tinyint(1) NOT NULL,
  `username` varchar(150) NOT NULL,
  `first_name` varchar(150) NOT NULL,
  `last_name` varchar(150) NOT NULL,
  `email` varchar(254) NOT NULL,
  `is_staff` tinyint(1) NOT NULL,
  `is_active` tinyint(1) NOT NULL,
  `date_joined` datetime(6) NOT NULL,
  PRIMARY KEY (`id`),
  UNIQUE KEY `username` (`username`)
) ENGINE=InnoDB AUTO_INCREMENT=2 DEFAULT CHARSET=utf8mb4 COLLATE=utf8mb4_0900_ai_ci;
/*!40101 SET character_set_client = @saved_cs_client */;

--
-- Dumping data for table `auth_user`
--

LOCK TABLES `auth_user` WRITE;
/*!40000 ALTER TABLE `auth_user` DISABLE KEYS */;
INSERT INTO `auth_user` VALUES (1,'pbkdf2_sha256$1000000$MGr3h6fMxSU02pS9WU4v4u$jrBu55TfnH4o+5/ZGHBED3+6zbbQxYs5WpHndhNPSXI=','2025-06-16 15:48:58.310190',1,'Kuate','','','kuateyaniv237@gmail.com',1,1,'2025-06-16 15:45:47.259279');
/*!40000 ALTER TABLE `auth_user` ENABLE KEYS */;
UNLOCK TABLES;

--
-- Table structure for table `buyer_profiles`
--

DROP TABLE IF EXISTS `buyer_profiles`;
/*!40101 SET @saved_cs_client     = @@character_set_client */;
/*!50503 SET character_set_client = utf8mb4 */;
CREATE TABLE `buyer_profiles` (
  `buyer_id` int NOT NULL,
  `location` varchar(100) DEFAULT NULL,
  PRIMARY KEY (`buyer_id`),
  CONSTRAINT `buyer_profiles_ibfk_1` FOREIGN KEY (`buyer_id`) REFERENCES `users` (`user_id`)
) ENGINE=InnoDB DEFAULT CHARSET=utf8mb4 COLLATE=utf8mb4_0900_ai_ci;
/*!40101 SET character_set_client = @saved_cs_client */;

--
-- Dumping data for table `buyer_profiles`
--

LOCK TABLES `buyer_profiles` WRITE;
/*!40000 ALTER TABLE `buyer_profiles` DISABLE KEYS */;
/*!40000 ALTER TABLE `buyer_profiles` ENABLE KEYS */;
UNLOCK TABLES;

--
-- Table structure for table `categories`
--

DROP TABLE IF EXISTS `categories`;
/*!40101 SET @saved_cs_client     = @@character_set_client */;
/*!50503 SET character_set_client = utf8mb4 */;
CREATE TABLE `categories` (
  `category_id` int NOT NULL AUTO_INCREMENT,
  `name` varchar(100) NOT NULL,
  PRIMARY KEY (`category_id`),
  UNIQUE KEY `name` (`name`)
) ENGINE=InnoDB DEFAULT CHARSET=utf8mb4 COLLATE=utf8mb4_0900_ai_ci;
/*!40101 SET character_set_client = @saved_cs_client */;

--
-- Dumping data for table `categories`
--

LOCK TABLES `categories` WRITE;
/*!40000 ALTER TABLE `categories` DISABLE KEYS */;
/*!40000 ALTER TABLE `categories` ENABLE KEYS */;
UNLOCK TABLES;

--
-- Table structure for table `django_admin_log`
--

DROP TABLE IF EXISTS `django_admin_log`;
/*!40101 SET @saved_cs_client     = @@character_set_client */;
/*!50503 SET character_set_client = utf8mb4 */;
CREATE TABLE `django_admin_log` (
  `id` int NOT NULL AUTO_INCREMENT,
  `action_time` datetime(6) NOT NULL,
  `object_id` longtext,
  `object_repr` varchar(200) NOT NULL,
  `action_flag` smallint unsigned NOT NULL,
  `change_message` longtext NOT NULL,
  `content_type_id` int DEFAULT NULL,
  `user_id` bigint NOT NULL,
  PRIMARY KEY (`id`),
  KEY `django_admin_log_content_type_id_c4bce8eb_fk_django_co` (`content_type_id`),
  KEY `django_admin_log_user_id_c564eba6_fk_users_customuser_id` (`user_id`),
  CONSTRAINT `django_admin_log_content_type_id_c4bce8eb_fk_django_co` FOREIGN KEY (`content_type_id`) REFERENCES `django_content_type` (`id`),
  CONSTRAINT `django_admin_log_user_id_c564eba6_fk_users_customuser_id` FOREIGN KEY (`user_id`) REFERENCES `users_customuser` (`id`),
  CONSTRAINT `django_admin_log_chk_1` CHECK ((`action_flag` >= 0))
) ENGINE=InnoDB DEFAULT CHARSET=utf8mb4 COLLATE=utf8mb4_0900_ai_ci;
/*!40101 SET character_set_client = @saved_cs_client */;

--
-- Dumping data for table `django_admin_log`
--

LOCK TABLES `django_admin_log` WRITE;
/*!40000 ALTER TABLE `django_admin_log` DISABLE KEYS */;
/*!40000 ALTER TABLE `django_admin_log` ENABLE KEYS */;
UNLOCK TABLES;

--
-- Table structure for table `django_content_type`
--

DROP TABLE IF EXISTS `django_content_type`;
/*!40101 SET @saved_cs_client     = @@character_set_client */;
/*!50503 SET character_set_client = utf8mb4 */;
CREATE TABLE `django_content_type` (
  `id` int NOT NULL AUTO_INCREMENT,
  `app_label` varchar(100) NOT NULL,
  `model` varchar(100) NOT NULL,
  PRIMARY KEY (`id`),
  UNIQUE KEY `django_content_type_app_label_model_76bd3d3b_uniq` (`app_label`,`model`)
) ENGINE=InnoDB AUTO_INCREMENT=8 DEFAULT CHARSET=utf8mb4 COLLATE=utf8mb4_0900_ai_ci;
/*!40101 SET character_set_client = @saved_cs_client */;

--
-- Dumping data for table `django_content_type`
--

LOCK TABLES `django_content_type` WRITE;
/*!40000 ALTER TABLE `django_content_type` DISABLE KEYS */;
INSERT INTO `django_content_type` VALUES (1,'admin','logentry'),(3,'auth','group'),(2,'auth','permission'),(7,'auth','user'),(4,'contenttypes','contenttype'),(5,'sessions','session'),(6,'users','customuser');
/*!40000 ALTER TABLE `django_content_type` ENABLE KEYS */;
UNLOCK TABLES;

--
-- Table structure for table `django_migrations`
--

DROP TABLE IF EXISTS `django_migrations`;
/*!40101 SET @saved_cs_client     = @@character_set_client */;
/*!50503 SET character_set_client = utf8mb4 */;
CREATE TABLE `django_migrations` (
  `id` bigint NOT NULL AUTO_INCREMENT,
  `app` varchar(255) NOT NULL,
  `name` varchar(255) NOT NULL,
  `applied` datetime(6) NOT NULL,
  PRIMARY KEY (`id`)
) ENGINE=InnoDB AUTO_INCREMENT=20 DEFAULT CHARSET=utf8mb4 COLLATE=utf8mb4_0900_ai_ci;
/*!40101 SET character_set_client = @saved_cs_client */;

--
-- Dumping data for table `django_migrations`
--

LOCK TABLES `django_migrations` WRITE;
/*!40000 ALTER TABLE `django_migrations` DISABLE KEYS */;
INSERT INTO `django_migrations` VALUES (1,'contenttypes','0001_initial','2025-06-13 12:30:20.747841'),(2,'contenttypes','0002_remove_content_type_name','2025-06-13 12:30:23.763821'),(3,'auth','0001_initial','2025-06-13 12:30:34.028178'),(4,'auth','0002_alter_permission_name_max_length','2025-06-13 12:30:36.310805'),(5,'auth','0003_alter_user_email_max_length','2025-06-13 12:30:36.410751'),(6,'auth','0004_alter_user_username_opts','2025-06-13 12:30:36.560672'),(7,'auth','0005_alter_user_last_login_null','2025-06-13 12:30:36.661293'),(8,'auth','0006_require_contenttypes_0002','2025-06-13 12:30:36.766868'),(9,'auth','0007_alter_validators_add_error_messages','2025-06-13 12:30:36.861339'),(10,'auth','0008_alter_user_username_max_length','2025-06-13 12:30:37.043956'),(11,'auth','0009_alter_user_last_name_max_length','2025-06-13 12:30:37.204305'),(12,'auth','0010_alter_group_name_max_length','2025-06-13 12:30:37.527087'),(13,'auth','0011_update_proxy_permissions','2025-06-13 12:30:37.676957'),(14,'auth','0012_alter_user_first_name_max_length','2025-06-13 12:30:37.860470'),(15,'users','0001_initial','2025-06-13 12:30:48.774366'),(16,'admin','0001_initial','2025-06-13 12:30:53.989789'),(17,'admin','0002_logentry_remove_auto_add','2025-06-13 12:30:54.189476'),(18,'admin','0003_logentry_add_action_flag_choices','2025-06-13 12:30:54.323094'),(19,'sessions','0001_initial','2025-06-13 12:32:45.713757');
/*!40000 ALTER TABLE `django_migrations` ENABLE KEYS */;
UNLOCK TABLES;

--
-- Table structure for table `django_session`
--

DROP TABLE IF EXISTS `django_session`;
/*!40101 SET @saved_cs_client     = @@character_set_client */;
/*!50503 SET character_set_client = utf8mb4 */;
CREATE TABLE `django_session` (
  `session_key` varchar(40) NOT NULL,
  `session_data` longtext NOT NULL,
  `expire_date` datetime(6) NOT NULL,
  PRIMARY KEY (`session_key`),
  KEY `django_session_expire_date_a5c62663` (`expire_date`)
) ENGINE=InnoDB DEFAULT CHARSET=utf8mb4 COLLATE=utf8mb4_0900_ai_ci;
/*!40101 SET character_set_client = @saved_cs_client */;

--
-- Dumping data for table `django_session`
--

LOCK TABLES `django_session` WRITE;
/*!40000 ALTER TABLE `django_session` DISABLE KEYS */;
INSERT INTO `django_session` VALUES ('ena2n4v39528cuit6mp7lda73uldvcy0','.eJxVjEEOwiAQAP_C2RDYlnbx6L1vILC72KopSWlPxr8bkh70OjOZtwrx2OdwVNnCwuqqrLr8shTpKWsT_IjrvWgq674tSbdEn7bqqbC8bmf7N5hjnds2A_LQI3tOVmy0ZAZAHAnQ4JizBzeKp2w6gM4666knBDHsjDAMXn2-zgg3Hg:1uRC4w:pXeLZ8Hs2MWrQew5g6FXwWcoFPjMPAO8Yu1Sv3-qlfU','2025-06-30 15:48:58.317425');
/*!40000 ALTER TABLE `django_session` ENABLE KEYS */;
UNLOCK TABLES;

--
-- Table structure for table `farmer_listings`
--

DROP TABLE IF EXISTS `farmer_listings`;
/*!40101 SET @saved_cs_client     = @@character_set_client */;
/*!50503 SET character_set_client = utf8mb4 */;
CREATE TABLE `farmer_listings` (
  `listing_id` int NOT NULL AUTO_INCREMENT,
  `farmer_id` int NOT NULL,
  `product_name` varchar(100) NOT NULL,
  `description` text,
  `price` decimal(10,2) NOT NULL,
  `quantity` int NOT NULL,
  `image_url` varchar(255) DEFAULT NULL,
  `status` enum('Available','Sold','Reserved') DEFAULT 'Available',
  `created_at` timestamp NULL DEFAULT CURRENT_TIMESTAMP,
  PRIMARY KEY (`listing_id`),
  KEY `farmer_id` (`farmer_id`),
  CONSTRAINT `farmer_listings_ibfk_1` FOREIGN KEY (`farmer_id`) REFERENCES `users` (`user_id`)
) ENGINE=InnoDB DEFAULT CHARSET=utf8mb4 COLLATE=utf8mb4_0900_ai_ci;
/*!40101 SET character_set_client = @saved_cs_client */;

--
-- Dumping data for table `farmer_listings`
--

LOCK TABLES `farmer_listings` WRITE;
/*!40000 ALTER TABLE `farmer_listings` DISABLE KEYS */;
/*!40000 ALTER TABLE `farmer_listings` ENABLE KEYS */;
UNLOCK TABLES;

--
-- Table structure for table `farmer_profiles`
--

DROP TABLE IF EXISTS `farmer_profiles`;
/*!40101 SET @saved_cs_client     = @@character_set_client */;
/*!50503 SET character_set_client = utf8mb4 */;
CREATE TABLE `farmer_profiles` (
  `farmer_id` int NOT NULL,
  `location` varchar(100) DEFAULT NULL,
  `trust_badge` tinyint(1) DEFAULT '0',
  PRIMARY KEY (`farmer_id`),
  CONSTRAINT `farmer_profiles_ibfk_1` FOREIGN KEY (`farmer_id`) REFERENCES `users` (`user_id`)
) ENGINE=InnoDB DEFAULT CHARSET=utf8mb4 COLLATE=utf8mb4_0900_ai_ci;
/*!40101 SET character_set_client = @saved_cs_client */;

--
-- Dumping data for table `farmer_profiles`
--

LOCK TABLES `farmer_profiles` WRITE;
/*!40000 ALTER TABLE `farmer_profiles` DISABLE KEYS */;
/*!40000 ALTER TABLE `farmer_profiles` ENABLE KEYS */;
UNLOCK TABLES;

--
-- Table structure for table `notifications`
--

DROP TABLE IF EXISTS `notifications`;
/*!40101 SET @saved_cs_client     = @@character_set_client */;
/*!50503 SET character_set_client = utf8mb4 */;
CREATE TABLE `notifications` (
  `notification_id` int NOT NULL AUTO_INCREMENT,
  `user_id` int NOT NULL,
  `message` text NOT NULL,
  `status` enum('Unread','Read') DEFAULT 'Unread',
  `created_at` timestamp NULL DEFAULT CURRENT_TIMESTAMP,
  PRIMARY KEY (`notification_id`),
  KEY `user_id` (`user_id`),
  CONSTRAINT `notifications_ibfk_1` FOREIGN KEY (`user_id`) REFERENCES `users` (`user_id`)
) ENGINE=InnoDB DEFAULT CHARSET=utf8mb4 COLLATE=utf8mb4_0900_ai_ci;
/*!40101 SET character_set_client = @saved_cs_client */;

--
-- Dumping data for table `notifications`
--

LOCK TABLES `notifications` WRITE;
/*!40000 ALTER TABLE `notifications` DISABLE KEYS */;
/*!40000 ALTER TABLE `notifications` ENABLE KEYS */;
UNLOCK TABLES;

--
-- Table structure for table `product_categories`
--

DROP TABLE IF EXISTS `product_categories`;
/*!40101 SET @saved_cs_client     = @@character_set_client */;
/*!50503 SET character_set_client = utf8mb4 */;
CREATE TABLE `product_categories` (
  `listing_id` int NOT NULL,
  `category_id` int NOT NULL,
  PRIMARY KEY (`listing_id`,`category_id`),
  KEY `category_id` (`category_id`),
  CONSTRAINT `product_categories_ibfk_1` FOREIGN KEY (`listing_id`) REFERENCES `farmer_listings` (`listing_id`),
  CONSTRAINT `product_categories_ibfk_2` FOREIGN KEY (`category_id`) REFERENCES `categories` (`category_id`)
) ENGINE=InnoDB DEFAULT CHARSET=utf8mb4 COLLATE=utf8mb4_0900_ai_ci;
/*!40101 SET character_set_client = @saved_cs_client */;

--
-- Dumping data for table `product_categories`
--

LOCK TABLES `product_categories` WRITE;
/*!40000 ALTER TABLE `product_categories` DISABLE KEYS */;
/*!40000 ALTER TABLE `product_categories` ENABLE KEYS */;
UNLOCK TABLES;

--
-- Table structure for table `reservations`
--

DROP TABLE IF EXISTS `reservations`;
/*!40101 SET @saved_cs_client     = @@character_set_client */;
/*!50503 SET character_set_client = utf8mb4 */;
CREATE TABLE `reservations` (
  `reservation_id` int NOT NULL AUTO_INCREMENT,
  `buyer_id` int NOT NULL,
  `listing_id` int NOT NULL,
  `quantity` int NOT NULL,
  `status` enum('Pending','Approved','Rejected','Completed') DEFAULT 'Pending',
  `created_at` timestamp NULL DEFAULT CURRENT_TIMESTAMP,
  PRIMARY KEY (`reservation_id`),
  KEY `buyer_id` (`buyer_id`),
  KEY `listing_id` (`listing_id`),
  CONSTRAINT `reservations_ibfk_1` FOREIGN KEY (`buyer_id`) REFERENCES `users` (`user_id`),
  CONSTRAINT `reservations_ibfk_2` FOREIGN KEY (`listing_id`) REFERENCES `farmer_listings` (`listing_id`)
) ENGINE=InnoDB DEFAULT CHARSET=utf8mb4 COLLATE=utf8mb4_0900_ai_ci;
/*!40101 SET character_set_client = @saved_cs_client */;

--
-- Dumping data for table `reservations`
--

LOCK TABLES `reservations` WRITE;
/*!40000 ALTER TABLE `reservations` DISABLE KEYS */;
/*!40000 ALTER TABLE `reservations` ENABLE KEYS */;
UNLOCK TABLES;

--
-- Table structure for table `reviews`
--

DROP TABLE IF EXISTS `reviews`;
/*!40101 SET @saved_cs_client     = @@character_set_client */;
/*!50503 SET character_set_client = utf8mb4 */;
CREATE TABLE `reviews` (
  `review_id` int NOT NULL AUTO_INCREMENT,
  `buyer_id` int NOT NULL,
  `farmer_id` int NOT NULL,
  `rating` int DEFAULT NULL,
  `review_text` text,
  `created_at` timestamp NULL DEFAULT CURRENT_TIMESTAMP,
  PRIMARY KEY (`review_id`),
  KEY `buyer_id` (`buyer_id`),
  KEY `farmer_id` (`farmer_id`),
  CONSTRAINT `reviews_ibfk_1` FOREIGN KEY (`buyer_id`) REFERENCES `users` (`user_id`),
  CONSTRAINT `reviews_ibfk_2` FOREIGN KEY (`farmer_id`) REFERENCES `users` (`user_id`),
  CONSTRAINT `reviews_chk_1` CHECK ((`rating` between 1 and 5))
) ENGINE=InnoDB DEFAULT CHARSET=utf8mb4 COLLATE=utf8mb4_0900_ai_ci;
/*!40101 SET character_set_client = @saved_cs_client */;

--
-- Dumping data for table `reviews`
--

LOCK TABLES `reviews` WRITE;
/*!40000 ALTER TABLE `reviews` DISABLE KEYS */;
/*!40000 ALTER TABLE `reviews` ENABLE KEYS */;
UNLOCK TABLES;

--
-- Table structure for table `transactions`
--

DROP TABLE IF EXISTS `transactions`;
/*!40101 SET @saved_cs_client     = @@character_set_client */;
/*!50503 SET character_set_client = utf8mb4 */;
CREATE TABLE `transactions` (
  `transaction_id` int NOT NULL AUTO_INCREMENT,
  `reservation_id` int NOT NULL,
  `buyer_id` int NOT NULL,
  `farmer_id` int NOT NULL,
  `payment_method` enum('MoMo','Cash','PayPal') NOT NULL,
  `receipt_url` varchar(255) DEFAULT NULL,
  `status` enum('Pending','Successful','Failed') DEFAULT 'Pending',
  `created_at` timestamp NULL DEFAULT CURRENT_TIMESTAMP,
  PRIMARY KEY (`transaction_id`),
  KEY `reservation_id` (`reservation_id`),
  KEY `buyer_id` (`buyer_id`),
  KEY `farmer_id` (`farmer_id`),
  CONSTRAINT `transactions_ibfk_1` FOREIGN KEY (`reservation_id`) REFERENCES `reservations` (`reservation_id`),
  CONSTRAINT `transactions_ibfk_2` FOREIGN KEY (`buyer_id`) REFERENCES `users` (`user_id`),
  CONSTRAINT `transactions_ibfk_3` FOREIGN KEY (`farmer_id`) REFERENCES `users` (`user_id`)
) ENGINE=InnoDB DEFAULT CHARSET=utf8mb4 COLLATE=utf8mb4_0900_ai_ci;
/*!40101 SET character_set_client = @saved_cs_client */;

--
-- Dumping data for table `transactions`
--

LOCK TABLES `transactions` WRITE;
/*!40000 ALTER TABLE `transactions` DISABLE KEYS */;
/*!40000 ALTER TABLE `transactions` ENABLE KEYS */;
UNLOCK TABLES;

--
-- Table structure for table `users`
--

DROP TABLE IF EXISTS `users`;
/*!40101 SET @saved_cs_client     = @@character_set_client */;
/*!50503 SET character_set_client = utf8mb4 */;
CREATE TABLE `users` (
  `user_id` int NOT NULL AUTO_INCREMENT,
  `first_name` varchar(100) NOT NULL,
  `last_name` varchar(100) NOT NULL,
  `email` varchar(100) NOT NULL,
  `phone_number` varchar(20) DEFAULT NULL,
  `password_hash` varchar(255) NOT NULL,
  `user_type` enum('Farmer','Buyer','Admin') NOT NULL,
  `created_at` timestamp NULL DEFAULT CURRENT_TIMESTAMP,
  PRIMARY KEY (`user_id`),
  UNIQUE KEY `email` (`email`)
) ENGINE=InnoDB DEFAULT CHARSET=utf8mb4 COLLATE=utf8mb4_0900_ai_ci;
/*!40101 SET character_set_client = @saved_cs_client */;

--
-- Dumping data for table `users`
--

LOCK TABLES `users` WRITE;
/*!40000 ALTER TABLE `users` DISABLE KEYS */;
/*!40000 ALTER TABLE `users` ENABLE KEYS */;
UNLOCK TABLES;

--
-- Table structure for table `users_customuser`
--

DROP TABLE IF EXISTS `users_customuser`;
/*!40101 SET @saved_cs_client     = @@character_set_client */;
/*!50503 SET character_set_client = utf8mb4 */;
CREATE TABLE `users_customuser` (
  `id` bigint NOT NULL AUTO_INCREMENT,
  `password` varchar(128) NOT NULL,
  `last_login` datetime(6) DEFAULT NULL,
  `username` varchar(50) NOT NULL,
  `email` varchar(254) NOT NULL,
  `phone_number` varchar(20) NOT NULL,
  `user_type` varchar(10) NOT NULL,
  `is_approved` tinyint(1) NOT NULL,
  `is_active` tinyint(1) NOT NULL,
  `is_staff` tinyint(1) NOT NULL,
  `is_superuser` tinyint(1) NOT NULL,
  `date_joined` datetime(6) NOT NULL,
  PRIMARY KEY (`id`),
  UNIQUE KEY `username` (`username`),
  UNIQUE KEY `email` (`email`)
) ENGINE=InnoDB AUTO_INCREMENT=2 DEFAULT CHARSET=utf8mb4 COLLATE=utf8mb4_0900_ai_ci;
/*!40101 SET character_set_client = @saved_cs_client */;

--
-- Dumping data for table `users_customuser`
--

LOCK TABLES `users_customuser` WRITE;
/*!40000 ALTER TABLE `users_customuser` DISABLE KEYS */;
INSERT INTO `users_customuser` VALUES (1,'pbkdf2_sha256$1000000$nq7CsS9Z1gnBI89EAVhUXi$GZNeJ8IBH5eZNOF/Fe268xDas1Q2+VFRAkthDIUCyG0=',NULL,'admin1','kuateyaniv237@gmail.com','','Admin',0,1,1,1,'2025-06-13 13:07:33.300015');
/*!40000 ALTER TABLE `users_customuser` ENABLE KEYS */;
UNLOCK TABLES;

--
-- Table structure for table `users_customuser_groups`
--

DROP TABLE IF EXISTS `users_customuser_groups`;
/*!40101 SET @saved_cs_client     = @@character_set_client */;
/*!50503 SET character_set_client = utf8mb4 */;
CREATE TABLE `users_customuser_groups` (
  `id` bigint NOT NULL AUTO_INCREMENT,
  `customuser_id` bigint NOT NULL,
  `group_id` int NOT NULL,
  PRIMARY KEY (`id`),
  UNIQUE KEY `users_customuser_groups_customuser_id_group_id_76b619e3_uniq` (`customuser_id`,`group_id`),
  KEY `users_customuser_groups_group_id_01390b14_fk_auth_group_id` (`group_id`),
  CONSTRAINT `users_customuser_gro_customuser_id_958147bf_fk_users_cus` FOREIGN KEY (`customuser_id`) REFERENCES `users_customuser` (`id`),
  CONSTRAINT `users_customuser_groups_group_id_01390b14_fk_auth_group_id` FOREIGN KEY (`group_id`) REFERENCES `auth_group` (`id`)
) ENGINE=InnoDB DEFAULT CHARSET=utf8mb4 COLLATE=utf8mb4_0900_ai_ci;
/*!40101 SET character_set_client = @saved_cs_client */;

--
-- Dumping data for table `users_customuser_groups`
--

LOCK TABLES `users_customuser_groups` WRITE;
/*!40000 ALTER TABLE `users_customuser_groups` DISABLE KEYS */;
/*!40000 ALTER TABLE `users_customuser_groups` ENABLE KEYS */;
UNLOCK TABLES;

--
-- Table structure for table `users_customuser_user_permissions`
--

DROP TABLE IF EXISTS `users_customuser_user_permissions`;
/*!40101 SET @saved_cs_client     = @@character_set_client */;
/*!50503 SET character_set_client = utf8mb4 */;
CREATE TABLE `users_customuser_user_permissions` (
  `id` bigint NOT NULL AUTO_INCREMENT,
  `customuser_id` bigint NOT NULL,
  `permission_id` int NOT NULL,
  PRIMARY KEY (`id`),
  UNIQUE KEY `users_customuser_user_pe_customuser_id_permission_7a7debf6_uniq` (`customuser_id`,`permission_id`),
  KEY `users_customuser_use_permission_id_baaa2f74_fk_auth_perm` (`permission_id`),
  CONSTRAINT `users_customuser_use_customuser_id_5771478b_fk_users_cus` FOREIGN KEY (`customuser_id`) REFERENCES `users_customuser` (`id`),
  CONSTRAINT `users_customuser_use_permission_id_baaa2f74_fk_auth_perm` FOREIGN KEY (`permission_id`) REFERENCES `auth_permission` (`id`)
) ENGINE=InnoDB DEFAULT CHARSET=utf8mb4 COLLATE=utf8mb4_0900_ai_ci;
/*!40101 SET character_set_client = @saved_cs_client */;

--
-- Dumping data for table `users_customuser_user_permissions`
--

LOCK TABLES `users_customuser_user_permissions` WRITE;
/*!40000 ALTER TABLE `users_customuser_user_permissions` DISABLE KEYS */;
/*!40000 ALTER TABLE `users_customuser_user_permissions` ENABLE KEYS */;
UNLOCK TABLES;
/*!40103 SET TIME_ZONE=@OLD_TIME_ZONE */;

/*!40101 SET SQL_MODE=@OLD_SQL_MODE */;
/*!40014 SET FOREIGN_KEY_CHECKS=@OLD_FOREIGN_KEY_CHECKS */;
/*!40014 SET UNIQUE_CHECKS=@OLD_UNIQUE_CHECKS */;
/*!40101 SET CHARACTER_SET_CLIENT=@OLD_CHARACTER_SET_CLIENT */;
/*!40101 SET CHARACTER_SET_RESULTS=@OLD_CHARACTER_SET_RESULTS */;
/*!40101 SET COLLATION_CONNECTION=@OLD_COLLATION_CONNECTION */;
/*!40111 SET SQL_NOTES=@OLD_SQL_NOTES */;

-- Dump completed on 2025-06-16 17:46:49
